-- phpMyAdmin SQL Dump
-- version 5.1.1
-- https://www.phpmyadmin.net/
--
-- Host: 127.0.0.1
-- Waktu pembuatan: 15 Des 2022 pada 15.59
-- Versi server: 10.4.22-MariaDB
-- Versi PHP: 8.1.2

SET SQL_MODE = "NO_AUTO_VALUE_ON_ZERO";
START TRANSACTION;
SET time_zone = "+00:00";


/*!40101 SET @OLD_CHARACTER_SET_CLIENT=@@CHARACTER_SET_CLIENT */;
/*!40101 SET @OLD_CHARACTER_SET_RESULTS=@@CHARACTER_SET_RESULTS */;
/*!40101 SET @OLD_COLLATION_CONNECTION=@@COLLATION_CONNECTION */;
/*!40101 SET NAMES utf8mb4 */;

--
-- Database: `going_news`
--

-- --------------------------------------------------------

--
-- Struktur dari tabel `admins`
--

CREATE TABLE `admins` (
  `id` int(11) NOT NULL,
  `username` varchar(20) NOT NULL,
  `password` varchar(20) NOT NULL
) ENGINE=InnoDB DEFAULT CHARSET=utf8mb4;

--
-- Dumping data untuk tabel `admins`
--

INSERT INTO `admins` (`id`, `username`, `password`) VALUES
(1, 'westy', 'admin');

-- --------------------------------------------------------

--
-- Struktur dari tabel `authors`
--

CREATE TABLE `authors` (
  `id` int(11) NOT NULL,
  `name` varchar(50) NOT NULL,
  `foto` text NOT NULL,
  `jk` varchar(15) NOT NULL,
  `phone` varchar(20) NOT NULL,
  `email` varchar(30) NOT NULL
) ENGINE=InnoDB DEFAULT CHARSET=utf8mb4;

--
-- Dumping data untuk tabel `authors`
--

INSERT INTO `authors` (`id`, `name`, `foto`, `jk`, `phone`, `email`) VALUES
(10, 'Suci Risanti Rahmadania', '63935f9376987.jpg', 'Perempuan', '089172562222', 'ssucirrahma@gmail.com'),
(11, 'Denza Perdana', '63920ceb65451.jpg', 'Laki-Laki', '081273810299', 'denzapr@gmail.com'),
(12, 'Ramdhani', '639ac214978d4.jpg', 'Laki-Laki', '081731981231', 'ramdhanii@gmail.com'),
(17, 'Nafilah Sri Sagita K', '6394169f1084b.jpg', 'Perempuan', '086526172312', 'nssagita@gmail.com'),
(18, 'Asep Syaifullah', '6394171ec0119.jpg', 'Laki-Laki', '087654917280', 'syfulloh@gmail.com'),
(19, 'Rahel Narda Chaterine', '6394175ea5c37.jpg', 'Perempuan', '082276888192', 'NardaRC@gmail.com'),
(20, 'Suki Nurhalim', '639417dbef18e.jpg', 'Laki-Laki', '085672239037', 'halimms@gmail.com'),
(21, 'Vincentius Mario', '6394185caf9ba.jpg', 'Laki-Laki', '082867666184', 'mvincen@gmail.com'),
(22, 'Rintan Puspita Sari', '6395fdce41287.jpg', 'Perempuan', '085254111728', 'rpuspitasr@gmail.com'),
(23, 'Melvina Tionardus', '639603f9e1cf9.jpg', 'Perempuan', '081287990100', 'melvinats@gmail.com'),
(24, 'Dwi Rahmawati', '639861cbb559a.jpg', 'Perempuan', '0812657281233', 'dwirahmawati@gmail.com'),
(25, 'Khadijah Nur Azizah', '6398672780e9b.jpg', 'Perempuan', '0812427281129', 'kdhnurazizah@gmail.com'),
(26, 'Dicky Ardian', '6398729c63826.jpg', 'Laki-Laki', '081272381127', 'dardian@gmail.com'),
(27, 'Putra Rusdi K', '639aa40e09e78.jpg', 'Laki-Laki', '086153627188', 'putrark@gmail.com'),
(28, 'Mei Amelia R', '639aa8d0b37ef.jpg', 'Perempuan', '086715261733', 'meiamalia@gmail.com'),
(29, 'Mercy Raya', '639ab28479821.jpg', 'Perempuan', '087761526171', 'rayaamrc@gmail.com'),
(30, 'Wildan Noviansah', '639ab559e8023.jpg', 'Laki-Laki', '086727162882', 'wildannh@gmail.com'),
(31, 'Afif Farhan', '639ac1b5851fd.jpg', 'Laki-Laki', '087162821119', 'afiffr@gmail.com');

-- --------------------------------------------------------

--
-- Struktur dari tabel `categories`
--

CREATE TABLE `categories` (
  `id` int(11) NOT NULL,
  `category` varchar(20) NOT NULL,
  `deskripsi` text NOT NULL
) ENGINE=InnoDB DEFAULT CHARSET=utf8mb4;

--
-- Dumping data untuk tabel `categories`
--

INSERT INTO `categories` (`id`, `category`, `deskripsi`) VALUES
(1, 'National', 'Kategori berita yang menyediakan semua berita terbaru dalam negeri.'),
(3, 'Entertaiment', 'Menyuguhkan berita atau informasi menarik dari dunia entertainment, di dalam dan luar negeri berdasar pada fakta dan informasi.'),
(4, 'Health', 'Berita kesehatan (health) meliputi cara dan tips hidup sehat, penyakit, olahraga, diet, hingga obat herbal terbaru dan terkini.'),
(6, 'Sport', 'Berita MotoGP, F1, Bulu Tangkis, Basket, SEA Games, ASIAN Games dan Olimpiade.');

-- --------------------------------------------------------

--
-- Struktur dari tabel `news`
--

CREATE TABLE `news` (
  `id` int(11) NOT NULL,
  `title` varchar(255) NOT NULL,
  `author_id` int(11) DEFAULT NULL,
  `category_id` int(11) DEFAULT NULL,
  `date` timestamp NULL DEFAULT NULL,
  `foto` text NOT NULL,
  `headline` text NOT NULL,
  `content` text NOT NULL,
  `tag_id` int(11) NOT NULL
) ENGINE=InnoDB DEFAULT CHARSET=utf8mb4;

--
-- Dumping data untuk tabel `news`
--

INSERT INTO `news` (`id`, `title`, `author_id`, `category_id`, `date`, `foto`, `headline`, `content`, `tag_id`) VALUES
(25, 'Update COVID-19 RI 11 Desember: Tambah 1.589 Kasus Baru, Kasus Aktif 39.809', 17, 4, '2022-12-11 15:03:29', '6395f14196a2e.jpeg', 'Jumlah kasus positif COVID-19 bertambah1.589, Minggu (11/12/2022). Sementara itu, pasien sembuh bertambah 3.731 kasus, meninggal bertambah 26 kasus.', '<b>Jakarta - </b>Jumlah kasus positif COVID-19 bertambah1.589, Minggu (11/12/2022). Sementara itu, pasien sembuh bertambah 3.731 kasus, meninggal bertambah 26 kasus.\r\n<br><br>Tercatat ada sebanyak 39.809 kasus aktif, 33.132 spesimen yang diperiksa, dan 2.253 suspek yang diamati.\r\nKasus saat ini didominasi oleh subvarian Omicron XBB.Gejala COVID-19, terutama varian Omicron, biasanya identik dengan batuk pilek seperti flu biasa. Namun, ternyata ada sejumlah gejala dari virus ini yang muncul pada sistem pencernaan.\r\n<br><br>Dikutip dari Mint, gejala COVID-19 tersebut bahkan akhir-akhir ini disebut cukup banyak dikeluhkan pasien.\r\n\r\nTim peneliti di ZOE COVID Study di Inggris meyakini bahwa gejala virus Corona varian Omicron memang sedikit berbeda. Strain Omicron disebut bisa membuat seseorang kehilangan nafsu makan atau bahkan melewatkan jam makan.\r\n\r\n<br><br>\"Tidak perlu memaksakan diri untuk makan jika Anda tidak ingin, tetapi sangat penting untuk tetap minum cairan untuk membantu menggantikan air yang hilang saat tubuh Anda melawan infeksi,\" kata tim peneliti. \r\n<br><br>(sumber: https://health.detik.com/berita-detikhealth/d-6455634/update-covid-19-ri-11-desember-tambah-1589-kasus-baru-kasus-aktif-39809)', 5),
(26, 'Heran Calon Spesialis Tak Digaji, Menkes Buat Cara Baru Perbanyak Dokter', 17, 4, '2022-12-11 15:16:05', '6395f4f87b115.jpeg', 'Menteri Kesehatan Budi Gunadi Sadikin akhirnya mengebut ketertinggalan dokter dan dokter spesialis dengan pemberian beasiswa atau fellowship.', '<b>Jakarta - </b>Pemerintah sebelumnya terang-terangan membuka data minimnya jumlah dokter dan dokter spesialis terutama di daerah. Masih jauh dari standar organisasi kesehatan dunia (WHO) yakni 1 per 1.000 penduduk. Menteri Kesehatan Budi Gunadi Sadikin akhirnya mengebut ketertinggalan dokter dan dokter spesialis dengan pemberian beasiswa atau fellowship. Ditujukan lebih dulu bagi Rumah Sakit Umum Daerah.\r\n\r\n<br><br>Kebutuhan dokter khususnya dibuka bagi spesialis dengan penyakit penyebab kematian tertinggi di Indonesia yakni kanker, jantung, stroke, hingga ginjal. \"Jadi RSUD pasti akan aku isi, fasilitasnya aku isi, dan SDM-nya aku kasih beasiswa, beasiswanya fellowship. Supaya lebih cepat karena waktu saya tinggal satu tahun 11 bulan,\" beber Menkes dalam keterangan tertulis, Minggu (10/12/2022).\r\n\r\n<br><br><b>Cara Baru Perbanyak Dokter Spesialis</b>\r\n<br>Kementerian Kesehatan RI juga akan mengubah proses Program Pendidikan Dokter Spesialis (PPDS) dari semula berbasis pendidikan, kini ditambahkan berbasis rumah sakit. Artinya, mahasiswa belajar sambil bekerja di RS dan dipastikan mendapat upah atau gaji. Terlebih, Menkes menyebut total rumah sakit lebih banyak dibandingkan perguruan tinggi sehingga lebih ideal dokter spesialis difokuskan berbasis RS.\r\n\r\n<br><br>\"(Selama ini) Indonesia satu-satunya negara di mana dokter PPDS tidak dibayar, karena karena konsepnya program sekolah, bukan bekerja,\" beber Menkes baru-baru ini dalam diskusi bersama mahasiswa PPDS.\r\n\r\n<br><br>Menkes menyebut, Indonesia menjadi satu-satunya negara yang menerapkan PPDS berbasis pendidikan sehingga semula dokter tidak mendapatkan gaji.\r\n\r\n<br><br>\"Saya percaya, Indonesia ikut best practices saja. Kalau tidak, aneh sendiri,\" kata Budi.\r\n\r\n<br><br>Sebagai tambahan informasi, berdasarkan data registrasi atau STR dokter catatan Konsil Kedokteran Indonesia, jumlah dokter hingga 6 Desember sebanyak 164.402, dokter gigi 41.377, dokter gigi spesialis 5.158, dokter spesialis 49.055.\r\n\r\n<br><br>(Sumber : Heran Calon Spesialis Tak Digaji, Menkes Buat Cara Baru Perbanyak Dokter\" selengkapnya https://health.detik.com/berita-detikhealth/d-6455045/heran-calon-spesialis-tak-digaji-menkes-buat-cara-baru-perbanyak-dokter)\r\n', 8),
(27, 'Hari Ini Semeru Erupsi dengan Tinggi Semburan Abu 500 Meter', 20, 1, '2022-12-11 15:28:17', '6395f711af61f.jpeg', 'Tinggi kolom letusan sekitar 500 meter di atas puncak Mahameru. Abu yang menyembur berwarna putih hingga kelabu.\r\n\r\nBaca artikel detikjatim, \"Hari Ini Semeru Erupsi dengan Tinggi Semburan Abu 500 Meter\" selengkapnya https://www.detik.com/jatim/berita/d-6454985/hari-ini-semeru-erupsi-dengan-tinggi-semburan-abu-500-meter.', '<b>Surabaya - </b>Gunung Semeru erupsi pada Minggu (11/12/2022) pukul 06.52 WIB. Itu seperti yang diterangkan dalam situs Magma Indonesia.\r\nTinggi kolom letusan sekitar 500 meter di atas puncak Mahameru. Abu yang menyembur berwarna putih hingga kelabu. Abu menyembur dengan intensitas sedang ke arah selatan. Saat ini, Semeru berstatus Siaga atau berada di Level III. Warga diimbau tidak melakukan aktivitas apapun di sektor tenggara sepanjang Besuk Kobokan, sejauh 13 km dari puncak (pusat erupsi).\r\n\r\n<br><br>\"Di luar jarak tersebut, masyarakat tidak melakukan aktivitas pada jarak 500 meter dari tepi sungai (sempadan sungai), di sepanjang Besuk Kobokan karena berpotensi terlanda perluasan awan panas dan aliran lahar hingga jarak 17 km dari puncak,\" berikut keterangan tertulis dalam situs Magma Indonesia.\r\n\r\n<br><br>Kemudian warga tidak beraktivitas dalam radius 5 km dari kawah/puncak Gunung Api Semeru, karena rawan terhadap bahaya lontaran batu (pijar). Warga juga harus mewaspadai potensi awan panas guguran (APG), guguran lava, dan lahar di sepanjang aliran sungai/lembah yang berhulu di puncak Gunung Api Semeru. Terutama sepanjang Besuk Kobokan, Besuk Bang, Besuk Kembar, dan Besuk Sat serta potensi lahar pada sungai-sungai kecil yang merupakan anak sungai dari Besuk Kobokan.\r\n\r\n<br><br>(Sumber : https://www.detik.com/jatim/berita/d-6454985/hari-ini-semeru-erupsi-dengan-tinggi-semburan-abu-500-meter)', 9),
(28, 'Sikap Pemerintah yang Tak Segera Terbitkan Perppu Pemilu Dinilai Merugikan', 19, 1, '2022-12-11 15:40:25', '6395f9e9f09f5.jpg', 'Anggota DPR RI dari Fraksi PKB, Luqman Hakim menilai sikap pemerintah yang tak segera menerbitkan Peraturan Pemerintah Pengganti Undang-Undang (Peppu) Pemilihan Umum (Pemilu) dapat merugikan.', 'Anggota DPR RI dari Fraksi PKB, Luqman Hakim menilai sikap pemerintah yang tak segera menerbitkan Peraturan Pemerintah Pengganti Undang-Undang (Peppu) Pemilihan Umum (Pemilu) dapat merugikan. Adapun Perppu Pemilu diperlukan sebagai landasan beberapa perubahan yang diperlukan, terutama terkait adanya empat provinsi baru di tanah Papua. \"Sikap Pemerintah yang tidak segera menerbitkan Perppu Pemilu sesungguhnya merugikan pemerintah sendiri,\" kata Luqman dalam keterangan tertulis, Minggu (11/12/2022).\r\n<br><br>Menurut dia, Perppu Pemilu yang tak kunjung diterbitkan akan memunculkan spekulasi baru berkait adanya pejabat di pemerintahan yang ingin menggagalkan Pemilu 2024.\r\n<br><br>Luqman menambahkan, spekulasi itu juga akan berpengaruh terhadap penurunan kepercayaan rakyat terhadap pemerintah, terutama akan mencederai harkat martabat dan nama baik Presiden Joko Widodo. \"Dapat memunculkan kembali spekulasi publik bahwa masih terdapat pejabat-pejabat strategis pemerintahan yang berusaha menggagalkan pelaksanaan Pemilu 2024,\" ucap Luqman\r\n<br><br>\"Apalagi, belum lama ini, isu penundaan Pemilu 2024 kembali mencuat ke publik akibat pernyataan Ketua MPR RI beberapa hari kemarin,\" tambah dia. Ketua Bidang Politik dan Pemerintahan PP GP Ansor itu juga mengatakan bahwa Perppu Pemilu penting untuk segera diterbitkan, terutama untuk menetapkan enam provinsi di tanah Papua sebagai daerah pemilihan sekaligus menetapkan alokasi kursi DPR RI, DPD dan DPRD Provinsi yang akan dipilih dalam Pemilu 2024. Keenam provinsi yang dimaksud, yakni Provinsi Papua, Papua Barat, Papua Tengah, Papua Pegunungan, Papua Selatan dan Papua Barat Daya.\r\n<br><br>Luqman menyebutkan, jika pemerintah tidak segera menerbitkan Perppu Pemilu, ia mendorong Komisi Pemilihan Umum (KPU) tetap melanjutkan pelaksanaan tahapan dan jadwal Pemilu 2024 dengan berpedoman pada Undang-Undang Nomor 7 tahun 2017 tentang Pemilu. \r\n<br><br>\"Dengan demikian, maka di tanah Papua tetap terdapat dua daerah pemilihan DPR RI dan DPD, yakni Papua dan Papua Barat dengan alokasi kursi sebagaimana yang ditetapkan dalam UU 7 tahun 2017 tentang Pemilu,\" tuturnya. \r\n<br><br>Sebagai informasi, imbas terbentuknya 4 provinsi baru di Pulau Papua, yakni Papua Selatan, Papua Tengah, Papua, serta Papua Barat Daya, maka DPR RI, pemerintah, dan penyelenggara pemilu sepakat UU Pemilu perlu direvisi. \r\n<br><br>Sebab, UU Pemilu yang diteken pada 2017 belum mengatur soal penyelenggaraan pemilu di provinsi anyar ini, sedangkan kinerja KPU harus mengacu pada ketentuan. \r\n<br><br>Namun, penerbitan Perppu Pemilu tak kunjung jelas. KPU RI pun kembali bersuara karena tahapan krusial Pemilu 2024 semakin dekat. \r\n\"Perlu perhatian bersama betapa pentingnya perppu sebagai perubahan beberapa ketentuan dalam Undang-undang Nomor 7 Tahun 2017 tentang Pemilu. Ini untuk menjamin kepastian penyelenggaraan Pemilu 2024 terutama di DOB (daerah otonomi baru) provinsi,\" ujar Ketua KPU RI Hasyim Asyari kepada wartawan via keterangan tertulis, Jumat (9/12/2022) siang. \r\n<br><br>Hasyim menjelaskan sejumlah tahapan krusial yang akan berlangsung pada bulan ini, khususnya per 14 Desember 2022. Pada tanggal itu, sesuai ketentuan Peraturan KPU Nomor 3 Tahun 2022, KPU RI akan menetapkan dan mengumumkan partai politik peserta Pemilu 2024, hasil pendaftaran, dan serangkaian proses verifikasi yang sudah ditempuh. \r\n<br><br>Pada hari yang sama, KPU RI juga harus mengundi nomor urut partai politik peserta Pemilu 2024 serta menerima penyerahan Data Penduduk Potensial Pemilih Pemilu (DP4) dari pemerintah. Pada 16 Desember 2022, KPU RI telah menjadwalkan penyerahan dukungan bakal calon anggota Dewan Perwakilan Daerah (DPD) ke KPU provinsi. Tanpa Perppu Pemilu yang mengatur penyelenggaraan pemilu di 4 provinsi baru Papua, maka tidak akan ada calon anggota DPD dari 4 DOB tersebut. \"Selain itu, Desember 2022 juga persiapan pembentukan tim seleksi anggota KPU provinsi (oleh KPU RI, red.), yang mana seleksinya dimulai Januari 2023,\" jelas Hasyim.\r\n\r\n<br><br>(Sumber : https://nasional.kompas.com/read/2022/12/11/21524091/sikap-pemerintah-yang-tak-segera-terbitkan-perppu-pemilu-dinilai-merugikan)', 3),
(29, 'Apakah Santan Mengandung Kolesterol? Faktanya Sih Begini', 10, 4, '2022-12-11 15:52:42', '6395fcca31c81.jpeg', 'Apakah santan mengandung kolesterol? Pasalnya, beberapa masakan seperti opor, lodeh, dan lainnya kerap diolah dengan campuran santan demi meningkatkan citra rasa dan kelezatan.', '<b>Jakarta - </b> Apakah santan mengandung kolesterol? Pasalnya, beberapa masakan seperti opor, lodeh, dan lainnya kerap diolah dengan campuran santan demi meningkatkan citra rasa dan kelezatan. Bahkan minuman es cendol sekalipun juga mengandung santan untuk membuat rasanya semakin nikmat. Sayangnya banyak masyarakat yang beranggapan bahwa santan memiliki kandungan kolesterol tinggi.\r\nKolesterol adalah senyawa berupa lemak yang diproduksi oleh berbagai sel dalam tubuh. Senyawa ini berasal dari dua sumber, yaitu makanan dan hati. Meski pada dasarnya tubuh membutuhkan kolesterol untuk menjalankan beberapa fungsi tubuh, namun kadar kolesterol yang terlalu tinggi justru dapat menimbulkan berbagai masalah kesehatan.\r\n\r\n<br><br>Kolesterol sendiri terbagi menjadi dua jenis di dalam tubuh, yaitu kolesterol baik atau high density lipoprotein (HDL) dan kolesterol jahat atau low density lipoprotein (LDL). Fungsi dari kolesterol HDL adalah menjaga metabolisme tubuh, sedangkan kolesterol LDL atau jahat sangat berisiko memicu gangguan kesehatan. Mengingat sumber kolesterol salah satunya adalah makanan, lantas apakah santan termasuk? Simak informasinya berikut ini.\r\n\r\n<br><br><b>Apakah Santan Mengandung Kolesterol?</b>\r\n<br>Dikutip dari Livestrong, secara umum, 100 gram santan kelapa mengandung 18 persen dari kebutuhan harian zat besi, 11 persen dari kebutuhan harian magnesium, 33 persen dari kebutuhan mangan, 8 persen dari kebutuhan fosfor, 5 persen dari kebutuhan kalium, dan 5 persen dari kebutuhan zinc.\r\n\r\n<br><br>Santan juga mengandung sejumlah kecil (antara 1 hingga 4 persen) nutrisi lain, seperti kalsium, vitamin B kompleks, vitamin C, dan kolin. Kemudian, terdapat 2 gram protein, 2,8 gram karbohidrat, dan 21,3 gram lemak dalam setiap 100 gram santan. Sebagian besar lemak ini (18,9 gram) adalah lemak jenuh.\r\n\r\n<br><br>Kebanyakan orang dengan kebutuhan 2.000 kalori hanya boleh mengonsumsi 65 gram lemak setiap hari dan tidak lebih dari 20 gramnya berasal dari lemak jenuh. Ini berarti sepertiga dari kebutuhan harian akan lemak bisa berasal dari satu porsi atau 100 gram santan. Di samping itu, kandungan lemak jenuh yang tinggi dari santan juga telah memenuhi batas harian untuk jenis lemak jenuh.\r\n\r\n<br><br>The American Heart Association (AHA) merekomendasikan agar lemak jenuh dihindari jika khawatir dapat meningkatkan kolesterol, kondisi yang dapat mempengaruhi kesehatan jantung. Namun menurut The Coconut Palm Research and Development Perspectives, berbagai penelitian tidak sepakat dan mengatakan bahwa kandungan lemak kelapa netral untuk kesehatan.\r\n\r\n<br><br>Sebuah studi tahun 2016 di European Journal of Nutrition menunjukkan, santan kelapa tidak memengaruhi trigliserida, kolesterol, atau penanda risiko kardiometabolik lainnya.\r\n\r\n<br><br><b>Santan dan Lemak Jenuh</b>\r\n<br>Alasan mengapa kandungan lemak kelapa menyebabkan perdebatan adalah jenis lemak jenuh yang dikandungnya. Pasalnya, kelapa memiliki campuran asam lemak jenuh rantai panjang dan rantai pendek, namun sebagian besar merupakan asam lemak rantai sedang. Tidak seperti lemak jenuh lainnya, asam lemak rantai sedang dapat bermanfaat bagi jantung, tetapi penelitian terkait hal ini seringkali bertentangan.\r\n\r\n<br><br><b>Santan dan Kolesterol</b>\r\n<br>Karena ada begitu banyak ketidaksepakatan tentang apakah lemak dalam kelapa dapat meningkatkan kolesterol, hal terbaik yang dapat dilakukan adalah mengonsumsi produk kelapa dalam jumlah sedang. Jika ingin mengonsumsi santan dalam jumlah besar, pastikan bahwa makanan lainnya mengandung lemak tak jenuh ganda, yang baik untuk jantung.\r\n\r\n<br><br>(Sumber : https://health.detik.com/berita-detikhealth/d-6455574/apakah-santan-mengandung-kolesterol-faktanya-sih-begini)', 10),
(30, 'Penggemar di Indonesia Beri Kesan Mendalam untuk Taehyun TXT', 22, 3, '2022-12-11 16:02:25', '6395ff11dc170.jpg', 'Taehyun TXT mengaku terkesan dengan penggemar mereka yang ada di Indonesia.', 'Taehyun TXT mengaku terkesan dengan penggemar mereka yang ada di Indonesia. Ini diungkapnya saat melakukan wawancara dengan Elle Korea untuk berbagi kabar setelah tertular virus Covid-19 dan terpaksa dikarantina pada awal November 2022. Dalam wawancara itu Taehyun berbicara tentang betapa dia merindukan anggotanya dan siapa yang berusaha ekstra untuk menghiburnya saat dia sakit. Taehyun juga berterima kasih kepada para penggemarnya atas semua cinta yang telah mereka berikan kepada TXT.\r\n\r\n<br><br>Ketika ditanya tentang bagian yang paling berkesan dari tur dunia pertama mereka, dia kesulitan untuk memberikan jawaban karena ada begitu banyak momen bagus. Tapi Taehyun akhirnya menyebut antusiasme penggemar dari Indonesia memberikan kesan mendalam baginya secara pribadi. \r\n\r\n<br><br>\"Ketika kami pergi ke Jakarta, Indonesia, sebelum acara dimulai, hanya video musik kami yang diputar, tetapi gemuruh penonton sangat keras,\" kata Taehyun. Mereka dapat merasakan semangat dari penggemar Indonesia. Bahkan itu bisa dia rasakan saat mereka sedang mempersiapkan diri di belakang panggung. Sorak sorai membantu Taehyun lebih santai sebelum penampilan TXT, meningkatkan kepercayaan dirinya.\r\n\r\n<br><br>Diberitakan sebelumnya, Taehyun juga pernah mengungkap rasa bahagianya atas kesempatan menggelar tur dunia. “Saya sangat bahagia dengan setiap konser. Saya bangga dengan (penampilan) live saya dan kondisi suara saya yang bagus sepanjang tur,” kata Taehyun.\r\n\r\n<br><br>Taehyun menyebut bahwa panggung adalah ruang yang menyenangkan baginya. “Karena hanya perlu berfokus untuk tampil, saya bisa berpartisipasi dengan nyaman,\" kata Taehyun.\r\n\r\n<br><br>Sebagai informasi, TXT merupakan boy grup yang ada di bawah naungan BigHit Music, yang juga menaungi boyband ternama BTS. \r\n\r\n<br><br>(Sumber : https://www.kompas.com/hype/read/2022/12/11/153212366/penggemar-di-indonesia-beri-kesan-mendalam-untuk-taehyun-txt)', 7),
(31, 'Vidi Aldiano Bertemu Eric Nam, Bicarakan Kolabs?', 21, 3, '2022-12-11 16:12:54', '6396018674d94.png', 'Vidi selalu hadir dalam acara-acara penting rekan-rekan artis dari berbagai lingkar pertemanan. Terbaru, Vidi pamerkan keakraban dengan penyanyi asal Korea, Eric Nam lewat unggahan Instagram.', '<b>Jakarta - </b>Solois Vidi Aldiano dikenal sebagai salah satu figur publik Tanah Air yang berteman dengan banyak orang dari banyak kalangan. Vidi selalu hadir dalam acara-acara penting rekan-rekan artis dari berbagai lingkar pertemanan. Terbaru, Vidi pamerkan keakraban dengan penyanyi asal Korea, Eric Nam lewat unggahan Instagram. Selain itu, pelantun \"Nuansa Bening\" itu juga sempat berswafoto bersama istrinya, Sheila Dara dan Eric Nam.\r\n\r\n<br><br>Di unggahan tersebut, Vidi membocorkan rencana kolaborasinya dengan Eric Nam untuk sebuah acara atau konten. \"Obrolan dan makan malam paling menarik dengan pria ini @ericnam. Kami memikirkan untuk berkolaborasi dalam sebuah acara, Sepakat?\" tulis Vidi dikutip dari akun @vidialdiano, Minggu (11/12/2022). \r\n\r\n<br><br>\"Terima kasih untuk makan malamnya! Semoga bisa berpesta dengan kalian besok!\" lanjutnya. Diketahui, Eric Nam memandu acara terkenal bernama DAEBAK SHOW. DAEBAK SHOW merupakan sebuah program podcast yang diadakan The Dive Studio untuk mengobrol seputar kehidupan musisi dalam bahasa Inggris. Bukan tidak mungkin Vidi menjadi salah satu penyanyi Indonesia yang menjadi bintang tamu acara podcast tersebut.\r\n\r\n<br><br>Unggahan Vidi bersama Eric Nam ramai menuai beragam komentar warganet. \"Teman kak vidi nambah lagi nih dari korea, enggak di ragukan lagi nih DUTA PERSAHABATAN,\" tulis seorang warganet. \"Bisa-bisanya ketemu Eric Nam juga. Ini sih pertemuan internasional para social butterfly,\" tulis yang lain. \"Yuk perluas lagi yuk ka Vidiii, bisa yukk,\" tulis @u_wiwitpuspita.  https://www.instagram.com/p/Cl_g5KYJgd8/?igshid=YmMyMTA2M2Y=\r\n\r\n<br><br>(Sumber : https://www.kompas.com/hype/read/2022/12/11/124414566/vidi-aldiano-bertemu-eric-nam-bicarakan-kolabs)', 11),
(32, 'Ratusan Warga Zona Merah Erupsi Semeru Masih Bertahan di Pengungsian', 11, 1, '2022-12-11 16:19:29', '63960311f0a75.png', 'Status aktivitas Gunung Semeru diturunkan dari Awas (Level IV) menjadi Siaga (Level III) mulai Jumat (9/12) siang pukul 12.00 WIB. Masih ada ratusan warga yang tinggal di zona merah erupsi yang mengungsi.', '<b>Lumajang - </b> Status aktivitas Gunung Semeru diturunkan dari Awas (Level IV) menjadi Siaga (Level III) mulai Jumat (9/12) siang pukul 12.00 WIB. Masih ada ratusan warga yang tinggal di zona merah erupsi yang mengungsi.\r\n\r\n<br><br>Berdasarkan data Pusat Pengendalian Operasi (Pusdalops) BPBD Lumajang hingga Jumat malam, masih ada 312 warga di 6 titik pengungsian. Terbanyak di Balai Desa Penanggal, Kecamatan Candipuro, Lumajang.\r\n\r\n<br><br>\"Untuk hari ini belum terupdate. Data kemarin masih ada 312 orang yang berada di 6 titik pengungsian,\" kata Petugas Pusdalops BPBD Lumajang Ayon ketika dihubungi detikJatim, Sabtu (10/12/2022).\r\n\r\n<br><br>Ayon menyebutkan bahwa sebagian besar pengungsi yang masih bertahan di pengungsian adalah warga yang tinggal di kawasan zona merah erupsi Semeru. Salah satunya dari Dusun Kajar Kuning.\r\n\r\n<br><br>\"Iya, dari zona merah. Dari Dusun Kajar Kuning, ada juga yang terdata sebagai warga dari Desa Supit Urang,\" ujarnya.\r\n\r\n<br><br>Kajar Kuning adalah salah satu Dusun di Desa Sumber Wuluh, Kecamatan Candipuro yang menjadi lokasi paling parah terdampak erupsi Semeru pada 4 Desember 2022.\r\n\r\n<br><br>Sedangkan Desa Supit Urang merupakan lokasi terdekat dengan aliran lahar dingin Semeru. Sejumlah dusun paling terdampak di desa itu adalah Curah Kobokan, Gumukmas, dan Sumbersari.\r\n\r\n<br><br>(Sumber : https://www.detik.com/jatim/berita/d-6454196/ratusan-warga-zona-merah-erupsi-semeru-masih-bertahan-di-pengungsian)', 9),
(33, 'Penyebab Lagu di Spotify Tak Muncul Lirik dan Cara Mengatasinya', 23, 3, '2022-12-11 16:27:40', '639604fcc4541.jpg', 'Salah satu fitur menarik dari Spotify adalah bisa mendengarkan lagu sambil membaca lirik di aplikasinya. Terkadang, lirik tersebut tidak muncul padahal lagu sudah terputar.', '<b>Jakarta - </b>Salah satu fitur menarik dari Spotify adalah bisa mendengarkan lagu sambil membaca lirik di aplikasinya. Terkadang, lirik tersebut tidak muncul padahal lagu sudah terputar. \r\n\r\n<br><br><b style=\"font-size: 20px;\">Penyebab</b> \r\n<br><b>Belum update</b> \r\n<br>Ada kemungkinan aplikasi Spotify Anda belum diperbarui (update) ke versi terbaru. \r\n<br>Cara mengatasi: install atau update aplikasimu di Playstore atau Applestore.\r\n\r\n<br><br><b>Koneksi internet</b>\r\n<br>Bisa saja ternyata koneksi internet di perangkat Anda sedang lambat atau justru belum terhubung ke internet. \r\n<br>Cara mengatasi: Matikan data seluler atau fitur WiFi di perangkat. Nyalakan mode pesawat terbang beberapa menit. Matikan mode pesawat terbang dan nyalakan kembali koneksi internet. \r\n\r\n<br><br><b>Tidak tersedia</b> \r\n<br>Situs resmi Spotify menyatakan bahwa jika lirik tidak ditemukan, berarti lirik untuk lagu tersebut memang tidak tersedia.\r\n\r\n<br><br>(Sumber : https://entertainment.kompas.com/read/2022/12/08/151709066/penyebab-lagu-di-spotify-tak-muncul-lirik-dan-cara-mengatasinya)', 12),
(35, 'Dugaan Manipulasi Verifikasi Faktual, Partai Garuda Tunggu Pleno KPU', 24, 1, '2022-12-13 11:33:31', '6398630b057af.png', 'Sejumlah anggota KPU daerah mensomasi KPU RI terkait adanya dugaan manipulasi data verifikasi faktual.', '<b>Jakarta - </b> Sejumlah anggota KPU daerah mensomasi KPU RI terkait adanya dugaan manipulasi data verifikasi faktual. Terseret dugaan tersebut, Partai Garuda mengatakan masih menunggu hasil rapat pleno KPU.\r\n<br><br>\"Kami dari Partai Garuda masih menunggu hasil rapat pleno KPU-RI besok,\" kata Sekjen Partai Garuda Yohanna Murtika kepada wartawan, Selasa (13/12/2022).\r\n<br><br>\"Rapat pleno kabupaten/kota dan provinsi sudah selesai. Tinggal menunggu pengumuman resmi dari KPU-RI. Betul (rapat terkait verifikasi faktual), dari hasil tersebutlah nanti akan diumumkan secara resmi,\" ungkap dia.\r\n\r\n<br><br>Pengacara Ibnu Syamsu Hidayat dan pengacara Airlangga Julio yang mewakili anggota KPU daerah memberikan somasi kepada KPU RI. Somasi itu diberikan lantaran adanya dugaan manipulasi data verifikasi faktual.\r\n<br><br>\"Beberapa hari yang lalu kami menerima beberapa aduan atau beberapa laporan dari berbagai komisioner, anggota komisioner, maupun ketua komisioner yang di daerah maupun pegawai teknis di KPU di beberapa daerah, menyampaikan adanya dugaan pemalsuan atau kecurangan dalam proses verifikasi parpol calon peserta pemilu 2024 nanti,\" ujar Ibnu di KPU RI, Menteng, Jakarta Pusat, Selasa (13/12).\r\n\r\n<br><br>Ibnu mengatakan aduan tersebut terkait dugaan KPU telah memanipulasi data terhadap tiga parpol dalam proses verifikasi faktual calon peserta pemilu 2024 dengan mengubah status Tidak Memenuhi Syarat (TMS) menjadi Memenuhi Syarat (MS). Ibnu menyebut tiga parpol itu adalah Partai Gelora, Partai Garuda dan Partai PKN.\r\n\r\n<br><br>\"Sesuai dengan beberapa media yang sudah disebutkan sejak kemarin, sampai saat ini tentu juga, ada dugaan kami Partai Gelora kami menduga juga terjadi, kemudian Partai Garuda dan Partai PKN, kami menduga itu juga terjadi kecurangan,\" ujarnya.\r\n\r\n<br><br>(Sumber : https://news.detik.com/pemilu/d-6459596/dugaan-manipulasi-verifikasi-faktual-partai-garuda-tunggu-pleno-kpu)', 3),
(36, 'Gempa Susulan di Bali, Terbaru Magnitudo 5,2', 12, 1, '2022-12-13 11:48:43', '6398669be9791.jpeg', 'Gempa bumi kembali terjadi di Karangasem, Bali. Terbaru, gempa terjadi dengan magnitudo (M) 5,2.', '<b>Jakarta - </b> Gempa bumi kembali terjadi di Karangasem, Bali. Terbaru, gempa terjadi dengan magnitudo (M) 5,2.\r\nBMKG menginformasikan gempa terjadi pada hari ini, Selasa (13/12/2022) pukul 17.38 WIB. Gempa berpusat di koordinat 8,16 derajat Lintang Selatan dan 115,62 derajat Bujur Timur.\r\n<br><br>Sebelumnya, terjadi gempa bumi magnitudo 4,7 terjadi di Karangasem pada pukul 17.00 WIB. Gempa dirasakan hingga wilayah Nusa Tenggara Barat (NTB). Gempa tersebut berpusat di koordinat 8,20 derajat Lintang Selatan dan 115,58 derajat Bujur Timur. Pusat gempa ada di laut, 17 km arah timur laut Karang Asem pada kedalaman 10 km. Belum ada laporan kerusakan mengenai dampak getaran gempa tersebut. Gempa ini tidak dilaporkan memicu gelombang tsunami. \"Hati-hati terhadap gempa bumi susulan yang mungkin terjadi,\" katanya.\r\n\r\n<br><br>Berdasarkan pemodelan BMKG, getaran gemppa dirasakan dalam skala II-III MMI di Bali yaitu di wilayah Kuta dan Karangasem. Getaran dirasakan dalam skala yang sama di wilayah NTB yaitu Mataram, Lombok Utara, dan Lombok Barat. Skala II-III MMI artinya getaran dirasakan nyata dalam rumah seperti ada truk lewat.\r\n\r\n<br><br>(Sumber : https://news.detik.com/berita/d-6459547/gempa-susulan-di-bali-terbaru-magnitudo-52)', 1),
(37, 'Update COVID RI 13 Desember: Tambah 2.117 Kasus Baru, 32 Meninggal', 25, 4, '2022-12-13 12:00:32', '63986b0c72eb6.jpeg', 'umlah kasus positif COVID-19 bertambah 2.117, Selasa (13/12/2022). Sementara itu, pasien sembuh bertambah 3.402 kasus, meninggal bertambah 32 kasus.', '<b>Jakarta - </b> Jumlah kasus positif COVID-19 bertambah 2.117, Selasa (13/12/2022). Sementara itu, pasien sembuh bertambah 3.402 kasus, meninggal bertambah 32 kasus. Tercatat ada sebanyak 5.838 kasus aktif, 62.137 spesimen yang diperiksa, dan 3.996 suspek yang diamati.\r\n\r\n<br><br>Selain COVID-19, WHO kini mewanti-wanti ancaman \"superbug\" yang kebal terhadap antibiotik. Direktur Jenderal WHO Tedros Adhanom Ghebreyesus, mengatakan kondisi ini bisa membahayakan nyawa manusia di dunia.\r\n\r\n<br><br>\"Resistensi antimikroba merusak pengobatan modern dan membahayakan jutaan nyawa,\" kata Tedros. Dalam penelitiannya, WHO mensurvei orang-orang yang berada di lebih dari 80 negara di dunia. Hasilnya, mereka menemukan bahwa infeksi bakteri umum menjadi semakin kebal terhadap obat-obatan.\r\n\r\n<br><br>\"Penelitian lebih lanjut diperlukan untuk mengidentifikasi alasan di balik peningkatan yang diamati dan sejauh mana hal itu terkait dengan peningkatan rawat inap dan peningkatan perawatan antibiotik selama pandemi COVID-19,\" pungkasnya.\r\n<br><br>(Sumber : https://health.detik.com/berita-detikhealth/d-6459549/update-covid-ri-13-desember-tambah-2117-kasus-baru-32-meninggal)', 5),
(38, 'Respons IDI soal Biaya Sekolah Setinggi Langit Calon Dokter Spesialis', 17, 4, '2022-12-14 12:17:32', '63986d5ca67a6.jpeg', 'Calon dokter spesialis mengeluh soal biaya pendidikan setinggi langit sehingga sulit diakses banyak kalangan.', '<b>Jakarta - </b> Calon dokter spesialis mengeluh soal biaya pendidikan setinggi langit sehingga sulit diakses banyak kalangan. Hanya kelompok tertentu yang disebut bisa menempuh program pendidikan dokter spesialis, disingkat PPDS. Ketua Umum Ikatan Dokter Indonesia (IDI) Adib Khumaidi ikut merespons hal itu. Ia mengklaim biaya pendidikan kedokteran tak jauh berbeda dengan fakultas lain termasuk dalam biaya SPP. Beban biaya selama menjalani masa PPDS menurutnya lebih besar pada kebutuhan hidup sehari-hari.\r\n\r\n<br><br>\'Biaya pendidikan dokter spesialis, tentunya kewenangan ada di fakultas, sama dengan biaya pendidikan yang lain, dia ada SPP dan sama, nilai dari SPP pun nggak mahal, yang mahal itu biaya hidup,\" cerita dr Adib saat konferensi pers IDI, Selasa (13/12/2022). Ia menuturkan pengalaman selama menjalani PPDS sebelumnya memiliki beban biaya hidup dengan tiga anak. Kebutuhan tersebut akan sangat terbantu dengan adanya program beasiswa, sehingga ia mendorong insentif tidak hanya diberikan pada kebutuhan biaya pendidikan. \"Tolong dibantu juga biaya hidupnya,\" pinta Adib.\r\n\r\n<br><br>IDI disebutnya mendukung kemudahan pemberian insentif pada dokter residen atau calon dokter spesialis. Menurutnya, perlu ada kejelasan petunjuk teknis untuk proses pencairan dana tersebut, termasuk apakah bisa langsung diberikan dalam wewenang Kementerian Kesehatan maupun Kementerian Pendidikan.\r\n\r\n<br><br>\"Ini yang perlu kita dorong, tinggal upaya implementasi pelaksanaan aturan saja. Yang sudah mengalokasikan, untuk teman-teman residen dan kami concern selama ini kami mensupport teman-teman PPDS diberikan insentif,\" pungkas dia.\r\n\r\n<br><br>Sebelumnya diberitakan, calon dokter spesialis Jagaddhito Probokusumo curhat kepada Menkes soal biaya yang harus dikeluarkan untuk menjadi dokter spesialis.\r\n<br><br>\"Sekarang kita bayangkan terkait uang kuliah, katakanlah 15 juta per semester, sedangkan saya mengikuti kuliah 4,5 tahun sampai 5 tahun, berarti selama 5 tahun atau 10 semester saya harus mengeluarkan 150 juta rupiah hanya untuk SPP belum untuk biaya hidup,\" katanya dalam sesi berbincang dengan Menkes beberapa waktu lalu.\r\n\r\n<br><br>(Sumber : https://health.detik.com/berita-detikhealth/d-6459323/respons-idi-soal-biaya-sekolah-setinggi-langit-calon-dokter-spesialis)', 8),
(39, 'Jackie Chan Ungkap Rencana Bikin Rush Hour 4 di Arab Saudi', 18, 3, '2022-12-14 12:29:01', '6398700d695a8.jpg', 'Film Rush Hour menjadi salah satu waralaba paling sukses di sepanjang karier Jackie Chan di Hollywood. Kini aktor berusia 68 tahun itu berniat untuk melanjutkan kisah tersebut.', '<b>Jakarta - </b> Film Rush Hour menjadi salah satu waralaba paling sukses di sepanjang karier Jackie Chan di Hollywood. Kini aktor berusia 68 tahun itu berniat untuk melanjutkan kisah tersebut. Hal itu diungkapkan olehnya saat menghadiri festival film di Jeddah, Arab Saudi belum lama ini. \"Kita sedang bicara soal Rush Hour 4 saat ini,\" ujarnya pada para pengunjung di Red Sea International Film Festival.\r\n\r\n<br><br>Ia mengaku bertemu dengan sutradara yang akan menggarap film tersebut di sana, meskipun Jackie Chan tak menyebutkan nama sang sineas. Brett Ratner menyutradarai ketiga angsuran sebelumnya dari franchise Rush Hour yang menampilkan Chan sebagai inspektur Hong Kong dan Chris Tucker sebagai petugas LAPD cerdas yang bekerja sama untuk menyelesaikan kejahatan internasional. Duo ini membintangi Rush Hour pada 1998 dan dua sekuelnya Rush Hour 2 (2001) dan Rush Hour 3 (2007).\r\n\r\n<br><br>Film terakhir yang disutradarai Ratner adalah Hercules yang dirilis pada 2014. Pada 2017, Warner Bros mengumumkan mereka telah memutuskan hubungan dengan sang sutradara setelah enam wanita, termasuk Olivia Munn dan Natasha Henstridge, menuduhnya melakukan pelecehan seksual. Selama penampilannya di festival film tersebut, Jackie Chan mengenang dia mengira Rush Hour tak akan meledak di box office dan dia berencana untuk meninggalkan Hollywood.\r\n\r\n<br><br>\"Saya mencoba berkali-kali untuk pergi ke Hollywood, tetapi setelah itu, saya mengatakan tidak ada lagi Hollywood karena bahasa Inggris saya tidak bagus. Mereka bukan budaya saya, mereka tidak menyukai tindakan semacam ini,\" katanya kepada orang banyak. Bintang Rumble in the Bronx itu menjelaskan awalnya enggan mengerjakan proyek tersebut.\r\n\r\n<br><br>\"Manajer saya berkata, lihat ada skrip, dan itu berjudul Rush Hour. Saya berkata, \"Tidak, (jadi) polisi Hong Kong? Saya tidak akan melakukannya. Dia berkata, \"Jackie, kenapa kamu tidak mencoba terakhir kali. Saya bilang oke, ini yang terakhir kali.\"\" Chan melanjutkan dengan mengatakan bahwa dia menerima telepon dari Ratner dan Tucker setelah film tersebut dirilis. Mereka mengatakan kepadanya, \"Bung, kami sukses besar. Kita (mendapatkan) 70 juta USD di akhir pekan pertama.\" \"Bagi saya, saya tidak menghitung berapa 70 juta itu. Saya tidak tahu box office. Saya hanya tahu itu pasti sukses (dengan jumlah pendapatan sebesar itu),\" pungkasnya.\r\n\r\n<br><br>(Sumber : https://hot.detik.com/movie/d-6459518/jackie-chan-ungkap-rencana-bikin-rush-hour-4-di-arab-saudi)', 13),
(40, 'Reaksi Kaesang Diminta Jokowi Serius Usai Nikah', 26, 3, '2022-12-14 12:45:32', '639873ec1f95b.jpg', 'Kaesang Pangarep kini telah menjadi suami dari Erina Gudono. Pernikahan itu digelar pada Sabtu, 10 Desember 2022.', '<b>Jakarta - </b> Kaesang Pangarep kini telah menjadi suami dari Erina Gudono. Pernikahan itu digelar pada Sabtu, 10 Desember 2022.\r\nKetika pernikahan itu digelar, banyak momen menarik. Tidak hanya di lokasi acara, keramaian juga terjadi di media sosial. Bukan hal aneh memang, mengingat ayah dari Kaesang ada orang nomor satu di Indonesia, Presiden Joko Widodo. \r\n<br><br>Apalagi ketika Kaesang digendong sang ayah saat prosesi siraman jelang pernikahan itu.\r\nKaesang menjadikan foto dari momen itu sebagai guyonan. Ia juga mengunggah momen ketika dirinya terlihat mengantuk dan menguap lebar saat tasyakuran pada Minggu, 11 Desember 2022.\r\n\r\n<br><br>Salah satu netizen kemudian mengingat pesan Jokowi. Netizen tersebut mengunggah hasil tangkapan layar dari artikel HaiBunda berjudul Pesan Jokowi Setelah Kaesang Jadi Suami Erina: Sudah Punya Istri Lebih Serius Sedikit Saja.\r\n\r\n<br><br>Tapi Kaesang sepertinya tidak bisa benar-benar mengabulkan permintaan ayahnya. Unggahan itu juga kembali menjadi guyonannya. \"Kan cuma sedikit saja,\" ucap Kaesang dengan emoji tangan meminta maaf. Balasan Kaesang sontak mengundang komentar dari para netizen.\r\n\r\n<br><br>\"Terlahir natural untuk tidak serius,\" komentar netizen. \"Jadi inget kata mas gibran, kaesang yang nomor tiga anak nya memang punya image slengean auto ngakak gue,\" sahut yang lainnya.\r\n\r\n<br><br>(Sumber : Reaksi Kaesang Diminta Jokowi Serius Usai Nikah\" selengkapnya https://hot.detik.com/celeb/d-6458934/reaksi-kaesang-diminta-jokowi-serius-usai-nikah)', 14),
(41, 'Deschamps Buka Suara soal Kemungkinan Benzema Comeback di Final', 27, 6, '2022-12-15 04:39:47', '639aa51355012.jpeg', 'Karim Benzema disebut berpeluang kembali ke skuad Timnas Prancis di final Piala Dunia 2022. Didier Deschamps beri jawaban soal kemungkinan hadirnya Benzema.', '<b>Doha -</b> Karim Benzema disebut berpeluang kembali ke skuad Timnas Prancis di final Piala Dunia 2022. Didier Deschamps beri jawaban soal kemungkinan hadirnya Benzema. Prancis sukses menembus final Piala Dunia 2022. Hal itu dipastikan usai mereka mengalahkan Maroko 2-0 pada laga semifinal Piala Dunia 2022 yang dihelat di Al Bayt Stadium, Kamis (15/12/2022) dini hari WIB.\r\n\r\n<br><br>Dua gol kemenangan Les Bleus lahir dari Theo Hernandez dan Randal Kolo Muani. Prancs selangkah lagi mempertahankan gelar juara jika mampu menang atas Argentina di laga final.\r\n\r\n<br><br>Menjelang laga final, berhembus kabar bahwa Karim Benzema berpeluang kembali ke skuad Prancis. Benzema awalnya masuk dalam 26 nama pemain Prancis di Qatar. Namun menjelang laga perdana Prancis di Piala Dunia 2022, pemain Real Madrid ini cedera. Pelatih Prancis, Didier Deschamps menolak mencari pengganti Benzema. Hal ini bikin Benzema bisa bermain di laga final.\r\n\r\n<br><br>Menanggapi pertanyaan soal kembalinya Benzema, Deschamps tegas menolak anggapan penyerang 35 tahun ini bakal kembali di final.\r\n\r\n<br><br>\"Wow. Yah, saya tidak yakin [apa yang harus dikatakan], itu benar-benar bukan sesuatu yang saya pikirkan. Anda tampaknya tahu banyak tentang situasinya tetapi saya belum benar-benar mengikuti siapa yang mengatakan itu,\" ujar Deschamps dalam konferensi pers setelah laga melawan Maroko.\r\n\r\n<br><br>\"Saya berbicara dengan Karim setelah dia pergi dan Anda tahu situasinya, dan kami mendengar berapa lama waktu yang dibutuhkannya untuk pulih. Jadi saya tidak benar-benar tahu apa yang Anda coba maksudkan. Saya memiliki 24 pemain di skuad saya dan saya senang dengan skuad yang saya miliki.\"\r\n\r\n<br><br>\"Beberapa pemain absen, (Presnel) Kimpembe dan (Paul) Pogba juga absen, dan tentu saja saya berbicara dengan mereka.Tapi terserah Anda jika Anda ingin berspekulasi dan membayangkan skenario. Bukan itu yang saya fokuskan saat ini,\" jelasnya.\r\n\r\n<br><br>(Sumber : https://sport.detik.com/sepakbola/bola-dunia/d-6462369/deschamps-buka-suara-soal-kemungkinan-benzema-comeback-di-final)', 15),
(42, 'Final Piala Dunia 2022: Argentina Vs Prancis!', 27, 6, '2022-12-15 04:47:28', '639aa6e0719b7.jpeg', 'Ketahuan sudah laga apa yang akan hadir di Final Piala Dunia 2022. Ada Argentina vs Prancis yang bakal berebut trofi penanda juara di partai puncak!', '<b>Jakarta -</b> Ketahuan sudah laga apa yang akan hadir di Final Piala Dunia 2022. Ada Argentina vs Prancis yang bakal berebut trofi penanda juara di partai puncak!\r\n<br><br>Prancis mengamankan tiket final usai menang 2-0 atas Maroko di laga semifinal pada hari Kamis (15/12) dini hari WIB. Hasil itu bikin Les Bleus memastikan bakal menghadpi Argentina di partai puncak. Sehari sebelumnya, Rabu (14/12), Argentina memang sudah lebih dulu memastikan diri ke partai puncak. Tim Tango menang 3-0 atas Kroasia di partai semifinal.\r\n<br><br>\r\n<b style=\"font-size: 20px;\">Simak informasi lengkap Piala Dunia 2022 di sini!</b>\r\n<br><br>\r\nDuel Argentina vs Prancis pun akan menjadi laga puncak gelaran Piala Dunia 2022. Finalnya ada di Lusail Stadium, Minggu (18/12) malam WIB. Kedua tim punya misi berbeda di final nanti. Argentina datang dengan misi mengakhiri puasa titel Piala Dunia sejak 1986, sedangkan Prancis bisa juara dua kali beruntun setelah Brasil pernah melakukannya pada 1962.\r\n<br><br>\r\n<b>Final Piala Dunia 2022</b>\r\n<br>Argentina vs Prancis\r\n<br>Lusail Stadium\r\n<br>Minggu (18/12) malam pukul 22.00 WIB\r\n<br><br>\r\n(Sumber : https://sport.detik.com/g-sport/d-6462380/final-piala-dunia-2022-argentina-vs-prancis)', 15),
(43, 'Arus Lalin Dari dan Ke Istana Ditutup Imbas Demo di Patung Kuda', 28, 1, '2022-12-15 05:00:09', '639aa9d94aa28.jpeg', 'Sejumlah elemen massa berdemo di Patung Kuda, Jakarta Pusat, hari ini. Lalu lintas dari dan ke arah Istana Merdeka ditutup imbas demo.', '<b>Jakarta -</b> Sejumlah elemen massa berdemo di Patung Kuda, Jakarta Pusat, hari ini. Lalu lintas dari dan ke arah Istana Merdeka ditutup imbas demo.\r\n<br><br>Dilihat dari akun Instagram TMC Polda Metro Jaya, Kamis (15/12/2022), lalu lintas di Jl Medan Merdeka Barat ditutup dari dua arah. Lalu lintas dari arah Harmoni menuju Istana juga ditutup. Lalu lintas dari arah Bundaran HU dibelokkan ke Jl Budi Kemuliaan. Sedangkan lalu lintas dari arah Harmoni dibelokkan ke kiri ke Jl Juanda.\r\n<br><br>\r\n\"Polri Dit Lantas PMJ melakukan pengalihan arus di TL Bundaran Patung Kuda Monas dikarenakan adanya kegiatan penyampaian pendapat. Untuk arus lalu lintas dari Jl Thamrin dan Jl Budi Kemuliaan menuju Jl. Medan Merdeka Barat/Harmoni, dialihkan menuju Jl Medan Merdeka Selatan dan Jl. Thamrin kembali,\" tulis TMC Polda Metro Jaya.\r\n<br><br>\r\n<b>Demo di Sejumlah Titik</b>\r\n<br>\r\nMassa buruh long march dari Bundaran HI ke Istana Negara untuk berdemo di kawasan Patung Kuda, Jakarta Pusat. Ribuan personel polisi dikerahkan untuk mengawal dan menjaga aksi buruh tersebut. \"Pagi ini personel siaga, karena ada beberapa titik dengan isu yang berbeda-beda, sementara ini baru ada sekitar 2.100 personel,\" kata Kapolres Metro Jakarta Pusat Kombes Pol Komarudin saat dihubungi Kamis (15/12/2022).\r\n<br><br>\r\nAdapun personel yang turun disebarkan di beberapa titik seperti di kawasan Patung Kuda, Balai Kota, di Kantor DPR, Bundaran HI, dan beberapa titik lainnya. Sementara pengalihan arus lalu lintas bersifat situasional. \"Kita berharap tentunya berbagai aktivitas penyampaian pendapat di muka umum tidak sampai menutup jalan. Namun jika memang nanti dipandang harus ditutup atau dialihkan, tentu kita akan melakukan pengalihan-pengalihan dengan tujuan agar aktivitas tetap berjalan, walaupun ada rekayasa dan juga pengalihan,\" ucap Komarudin.\r\n<br><br>\r\nTak hanya aksi buruh, Komarudin juga menyebutkan ada beberapa elemen yang melakukan aksi hari ini. Semuanya membawa isu masing-masing. Sesuai dengan pemberitahuan ke kepolisian, massa Exco Partai Buruh dan Organisasi Serikat Buruh akan menggelar Karnaval Kelas Pekerja pada Kamis (15/12/2022), pukul 09.30 WIB. Puluhan ribu buruh dikabarkan akan mengikuti aksi tersebut. \"Targetnya 15 ribu, dari Jabodetabek,\" kata Ketua Bidang Komunikasi dan Media Partai Buruh, Kahar S. Cahyono.\r\n<br><br>\r\nPantauan detikcom di kawasan Bundaran HI, Jakarta Pusat Kamis (15/12/2022) sekitar pukul 10.15 WIB ribuan massa buruh sudah berkumpul lengkap dengan atribut aksi berupa bendera. Puluhan bus membawa massa juga terlihat masih berdatangan.\r\n<br><br>\r\n(Sumber : https://news.detik.com/berita/d-6462701/arus-lalin-dari-dan-ke-istana-ditutup-imbas-demo-di-patung-kuda)', 16),
(44, 'Ribut-ribut Kemenkes \"Gaji\" Dokter Internship Cuma Sejuta', 25, 4, '2022-12-15 05:31:39', '639ab13b55219.jpeg', 'Viral di media sosial dokter protes terkait besaran bantuan biaya hidup di program internship 2023 mendatang.', '<b>Jakarta -</b> Viral di media sosial dokter protes terkait besaran bantuan biaya hidup di program internship 2023 mendatang. Dari informasi yang beredar, jumlah bantuan yang diberikan hanya berkisar Rp 1,1 juta. Bahkan angka tersebut dianggap sangat jauh di bawah standar dan menurun dibandingkan tahun-tahun sebelumnya. Tak sedikit juga yang menyinggung program dokter spesialis yang di Indonesia tak bergaji sama sekali.\r\n<br><br>\r\n\"Masa iya risiko tinggi, tekanan tinggi, tanggung jawab penuh, gaji Rp 1,1 juta?\" tulis salah satu pengguna Twitter @*qb***jhy\r\n<br><br>\r\nDikutip dari laman Kemenkes, internsip adalah proses pemantapan mutu profesi dokter untuk menerapkan kompetensi yang diperoleh selama pendidikan, secara terintegrasi, komprehensif, mandiri serta menggunakan pendekatan kedokteran keluarga dalam rangka pemahiran dan penyelarasan antara hasil pendidikan dengan praktik di lapangan.\r\n<br><br>\r\nTerkait hal ini, Kepala Biro Komunikasi dan Pelayanan Publik Kementerian Kesehatan (Kemenkes RI) Siti Nadia Tarmizi belum berkomentar banyak soal turunnya \"gaji\" dokter internship di wilayah perkotaan. Ia masih akan membahas persoalan tersebut dengan Direktur Jenderal Tenaga Kesehatan. \"Masih kami cek dan bicarakan dengan unit terkait ya,\" demikian balas dr Nadia melalui pesan singkat kepada detikcom Kamis (15/12/2022).\r\n<br><br>\r\nDalam tangkapan layar yang beredar, besaran bantuan hidup per bulan bagi dokter internship di Ibukota Provinsi seperti Batam, Bogor, Depok, dan Bekasi berkisar Rp 1,1 juta. Sementara itu untuk daerah terpencil, perbatasan dan kepulauan besaran bantuan hidup berkisar 6,4 juta.\r\n<br><br>\r\n(Sumber : https://health.detik.com/berita-detikhealth/d-6462567/ribut-ribut-kemenkes-gaji-dokter-internship-cuma-sejuta)', 8),
(45, 'Kanada Dipastikan Tampil di FIBA World Cup 2023 Jakarta', 29, 6, '2022-12-15 05:42:43', '639ab3d3ee115.jpeg', 'Tim nasional basket Kanada dipastikan akan tampil di Jakarta pada FIBA World Cup 2023. Keputusan itu diambil setelah Central Board FIBA mengonfirmasi dan berkonsultasi dengan negara-negara tuan rumah.', '<b>Jakarta -</b> Tim nasional basket Kanada dipastikan akan tampil di Jakarta pada FIBA World Cup 2023. Keputusan itu diambil setelah Central Board FIBA mengonfirmasi dan berkonsultasi dengan negara-negara tuan rumah. Amerika Serikat (jika lolos) akan bermain di Filipina, Slovenia akan bertandang ke Jepang, dan Kanada akan berlaga di Indonesia. Baik Slovenia dan Kanada sejatinya telah lolos ke Piala Dunia. Sementara AS berada dalam posisi yang baik untuk merebut tiket melalui jendela kualifikasi terakhir.\r\n<br><br>\r\nAdapun setiap tuan rumah mendapat kesempatan memilih tim pilihan berdasarkan alasan komersial. Sebab, pilihan mereka tidak akan berdampak pada integritas acara atau proses pengundian. Hal ini pun pernah terjadi pada penyelenggaraan FIBA Basketball World Cup 2019 dengan China, Filipina sebagai tuan rumah turnamen fase Grup dan fase Final akan ditempatkan di Pot 1 untuk pengundian. Mereka akan bergabung di Pot 1 bersama tim peringkat terbaik di FIBA World Ranking Men, presented by Nike setelah jendela kualifikasi terakhir dimainkan pada Februari 2023. Oleh karena itu, AS (jika mereka lolos) dan Filipina akan ditempatkan di dua grup berbeda dari empat yang akan berlangsung di Filipina.\r\n<br><br>\r\nJepang telah memilih tim No. 7, Slovenia. Jepang dan Slovenia akan memainkan Fase Grup mereka di Okinawa, di mana dua grup akan dimainkan. Kanada akan bermain di Jakarta, Indonesia, dengan dua dari 8 tim teratas FIBA World Ranking Men bergabung dengan mereka dalam dua grup di Indonesia.\r\n<br><br>\r\nEvent Director FIBA World Cup 2023 Indonesia Budi Satrio Djiwandono menyambut antusias kepastian Kanada bertanding di Jakarta. Ia juga mengaku tak sabar menantikan tim-tim terbaik lainnya dari berbagai belahan dunia beraksi di ibu kota. \"Kanada bukan tim sembarangan karena menjadi tim pertama yang lolos dari kualifikasi regional FIBA Americas. Kita tahu FIBA Americas oleh tim-tim kuat antara lain Amerika Serikat, Brasil, Argentina, tapi Kanada sejauh ini belum terkalahkan dari 10 pertandingan kualifikasi yang akan berakhir pada Februari tahun depan. Tim nasional bola basket Kanada juga punya program pengembangan pemain dengan Toronto Raptors, juara NBA 2019,\" kata Budi dalam keterangan tertulisnya. Pada masa lalu, kata Budi, Kanada dikenal dengan aksi bintang mereka Steve Nash. Sekarang, Kanada memiliki sederet pemain yang juga berstatus bintang di kompetisi basket elite dunia NBA, antara lain RJ Barret (New York Nicks), Shai Gilgeous-Alexander (Oklahoma City Thunder), Jamal Murray (Denver Nuggets), dan Andrew Wiggins (Golden State Warriors). \"Wiggins bahkan baru saja menjuarai NBA musim 2021/2022 bersama Golden State Warriors,\" Budi menjelaskan.\r\n<br><br>\r\nSelain itu, ada juga pemain muda lain yang cukup menonjol dari tim Kanada, yakni Dalano Banton. Guard Raptors yang baru berusia 23 tahun ini baru saja mengantarkan Kanada menempati peringkat keempat FIBA Americup 2022 setelah kalah dari Brasil, yang kemudian menjadi juara, di semifinal. Di kompetisi NBA pertengahan November lalu, Banton sempat mencatatkan 27 poin, lima rebound, empat assist, tiga steal, dua blok saat membantu Raptors mengalahkan Detroit Pistons 115-111. \"Penggemar bola basket Tanah Air pasti akan menantikan para bintang NBA dari Kanada beraksi membela negaranya di Jakarta tahun depan. Jangan lupa, selain pemain hebat, Kanada punya pelatih kepala sekaliber Nick Nurse yang juga menjabat head coach tim NBA Toronto Raptors. Semoga dari hasil undian pada April tahun depan, akan lebih banyak lagi pemain serta tim-tim kelas dunia yang akan tampil di FIBA World Cup 2023 Jakarta,\" ujar Budi.\r\n<br><br>\r\nPrinsip Pengundian FIBA Basketball World Cup 2023 yang lengkap akan ditentukan setelah jendela enam kualifikasi pada Februari selesai dan setelah semua 32 tim yang dipastikan lolos sudah diketahui. Prinsip-prinsip ini akan didasarkan pada FIBA World Ranking Men dan prinsip-prinsip geografis. Pengundian FIBA Basketball World Cup 2023 akan diadakan di Manila pada 29 April. Ini kedua kalinya 32 tim akan bermain di Piala Dunia. Ada dua tempat yang menampung empat grup di Manila, dan masing-masing dua grup di Okinawa dan Jakarta, dalam event andalan putra yang akan dimulai pada 25 Agustus 2023. Beberapa kategori tiket FIBA Basketball World Cup 2023 tersedia di sini. Tiket harian serta tiket pertandingan tunggal akan tersedia pada tahun 2023.\r\n<br><br>\r\n(Sumber : https://sport.detik.com/basket/d-6460921/kanada-dipastikan-tampil-di-fiba-world-cup-2023-jakarta)', 17);
INSERT INTO `news` (`id`, `title`, `author_id`, `category_id`, `date`, `foto`, `headline`, `content`, `tag_id`) VALUES
(46, 'Lalu Lintas di Jakarta Macet hingga Tengah Hari Ini, Ada Apa?', 30, 1, '2022-12-15 05:53:49', '639ab66d0e9bb.jpg', 'Arus lalu lintas di sejumlah titik di Jakarta macet hingga siang ini. Kemacetan terjadi tidak hanya di jalur arteri, tetapi juga di jalan tol. Ada apa?', '<b>Jakarta -</b> Arus lalu lintas di sejumlah titik di Jakarta macet hingga siang ini. Kemacetan terjadi tidak hanya di jalur arteri, tetapi juga di jalan tol. Ada apa?\r\n<br><br>Dilihat dari Google Maps, Kamis (15/12/2022) sekitar pukul 12.24 WIB, kemacetan terjadi di ruas Tol Dalam Kota dari arah Cawang ke Semanggi. Kemacetan juga terjadi di ruas Jalan Kapten Tendean yang mengarah ke Kuningan. Kemacetan juga terpantau di Jl Mampang Prapatan Raya, Jakarta Selatan yang mengarah ke Buncit. Kemacetan juga terjadi di pertemuan arus Lingkar Semanggi. Kemudian, ada kemacetan di Jl Gatot Subroto yang mengarah ke timur, yang mengarah belok kiri ke Sudirman.\r\n<br><br>\r\nSementara arus lalu lintas di ruas Jalan Sudirman bergerak pelan, baik yang dari arah Bundaran HI maupun Bundaran CSW dan sebaliknya. Lalu lintas di Jl MH THamrin masih dibuka sampai ke Bundaran Patung Kuda. Lalu lintas menuju ke Patung Kuda tersendat karena ada massa demo.\r\n<br><br>\r\nDirektur Lalu Lintas Polda Metro Jaya Kombes Latif Usman mengatakan kemacetan terjadi seiring dengan pembatasan mobilitas masyarakat yang sudah tidak diberlakukan lagi setelah puncak pandemi COVID-19 berlalu. \"Ya memang sudah menjadi data dari jam 6 sampai jam 8 itu puncaknya kemacetan. Kemacetan ini setelah pandemi selesai menurun aktivitas masyarakat cukup tinggi,\" kata Latif.\r\n<br><br>\r\n\"Makanya ada beberapa langkah seperti mengimbau pengguna sepeda pagi hari untuk menaati, mereka jangan berolahraga di jam segitu. Silakan di jam 6 ke bawah sana silakan,\" sambungnya.\r\n<br><br>\r\nDi sisi lain, kemacetan terjadi karena adanya proyek pembangunan di beberapa titik. Salah satunya revitalisasi halte TransJ di Cawang. \"Dan juga ada beberapa pembangunan-pembangunan seperti busway di Cawang, masih pembangunan,\" katanya. Kemudian, ada juga pekerjaan perbaikan jalan yang membuat lalu lintas tersendat. \"Perbaikan jalan, begitu juga sampai dengan kota MRT masih pembangunan. Ini juga menjadi kendala mengganggu arus lalu lintas. Situasi ini mudah-mudahan kalau pembangunan sudah selesai bisa mempercepat arus lalin,\" tambahnya.\r\n<br><br>\r\n(Sumber : https://news.detik.com/berita/d-6462821/lalu-lintas-di-jakarta-macet-hingga-tengah-hari-ini-ada-apa)', 18),
(47, 'Hendra/Ahsan Masih Berpeluang Main di Olimpiade 2024?', 29, 6, '2022-12-15 06:27:13', '639abe41b35a3.jpeg', 'Menjadi salah satu ganda putra Indonesia yang sukses sepanjang tahun 2022, Mohammad Ahsan/Hendra Setiawan dinilai masih berpeluang main di Olimpiade Paris 2024.', '<b>Jakarta -</b> Menjadi salah satu ganda putra Indonesia yang sukses sepanjang tahun 2022, Mohammad Ahsan/Hendra Setiawan dinilai masih berpeluang main di Olimpiade Paris 2024. Hal itu disampaikan legenda hidup Christian Hadinata karena melihat performa dan kiprah juniornya di kancah bulutangkis internasional sepanjang tahun 2022.\r\n<br><br>\r\nSeperti diketahui, dari sekian banyak wakil ganda putra, Hendra/Ahsan, masih mampu unjuk gigi di turnamen-turnamen perorangan BWF. Hasilnya pun tak main-main. Mereka mampu menembus lima kali final dalam belasan turnamen BWF yang mereka ikuti di tahun 2022. Bahkan tiga di antaranya merupakan turnamen penting level 1000 seperti All England, Kejuaraan Dunia, dan BWF World Tour Finals.\r\n<br><br>\r\nPadahal, keduanya merupakan pasangan gaek dan senior di antara lima pasang ganda putra Indonesia yang saat ini juga bersaing di ranking dunia.Tapi Hendra/Ahsan mampu konsisten dengan perolehan prestasi-prestasinya. Bahkan hal itu terjadi di BWF World Tour Finals 2022 yang berakhir 11 Desember kemarin di Bangkok, Thailand. Hendra/Ahsan menjadi satu-satunya wakil ganda putra Indonesia yang melaju ke puncak, kendati semula Fajar Alfian/Muhammad Rian Ardianto, yang diandalkan menjadi juara di turnamen penutup tahun tersebut.\r\n<br><br>\r\nMelihat statistik itu, Christian tak menampik Hendra/Ahsan bisa kembali menjadi andalan Merah Putih, seperti saat Olimpiade Tokyo 2020. \"Bisa (main di Olimpiade). Mereka masuk ranking lima besar saja (tahun 2023) sudah bagus banget,\" kata Christian kepada detikSport, Selasa (13/12/2022).\r\n<br><br>\r\n\"Memang Hendra/Ahsan ini justru sering mentoknya lawan teman sendiri karena tahu (kelemahan dan kelebihan masing-masing). Justru lawan dari luar (pemain asing) yang kesulitan mengalahkan mereka, termasuk ganda-ganda muda. Jadi sangat bisa (main di Olimpiade),\" tuturnya.\r\n<br><br>\r\nHanya saja, kehadiran Hendra/Ahsan, justru malah membuat keduanya kerap menjadi tumpuan sektor ganda putra Indonesia. Padahal, ganda putra Indonesia terbilang lengkap dan komplet dibandingkan negara-negara lain. Soal ini, Hendra/Ahsan sudah waktunya fokus ke turnamen perorangan. \"Ya, kan ada dua bagian ya, kejuaraan dalam tim seperti Thomas Cup, Asian Games beregu, Piala Sudirman. Kalau tak salah dalam tim, Hendra/Ahsan sudah tak mau lagi (main). Konsentrasinya lebih ke individu,\" ujarnya.\r\n<br><br>\r\n\"Ya, kalau fokus ke turnamen individu (jadi tumpuan) tak masalah ya (jadi andalan), karena main perorangan, sangat bergantung dari masing-masing individunya. Justru yang muda mencontoh bagaimana mereka bisa bertahan,\" dia menjelaskan.\r\n<br><br>\r\n\"Sementara untuk kejuaraan tim atau beregu kasih yang muda. Seperti Fajar/Rian sudah naik (prestasinya), Kevin (Sanjaya Sukamuljo)/Marcus Fernaldi Gideon recoverynya sudah bagus. Lalu ada Leo Rolly Carnando/Daniel Marthin, Bagas Maulana/Muhammad Shohibul Fikri. Jadi sudah tugas mereka dalam beregu. Hendra/Ahsan jangan diforsir lagi. Mereka fokus ke perorangan saja.\"\r\n<br><br>\r\nMerujuk laman Olympic.com, daftar peringkat atlet lolos Olimpiade akan diumumkan pada 30 April 2024. Mereka yang lolos akan berdasar pada hasil yang dicapai antara 1 Mei 2023 hingga 28 April 20224. Adapun turnamen yang poinnya masuk dalam Olimpiade antara lain Piala Thomas dan Uber, Piala Sudirman, Kejuaraan Dunia, turnamen BWF level dua, turnamen tur kontinental level tiga, kejuaraan kontinental individu, multievent, dan turnamen internasional lainnya yang disetujui BWF masuk dalma kualifikasi.\r\n<br><br>\r\n(Sumber : https://sport.detik.com/raket/d-6459145/hendraahsan-masih-berpeluang-main-di-olimpiade-2024)', 19),
(48, 'PSSI Tampung Saran dan Masukan Jelang Kongres Biasa dan KLB', 31, 6, '2022-12-15 06:41:05', '639ac181f2479.jpeg', 'Kongres Biasa dan Kongres Luar Biasa (KLB) PSSI akan berlangsung pada awal tahun 2023 mendatang. Ketum PSSI Mochamad Iriawan buka pintu untuk masukan dan saran.', '<b>Jakarta -</b> Kongres Biasa dan Kongres Luar Biasa (KLB) PSSI akan berlangsung pada awal tahun 2023 mendatang. Ketum PSSI Mochamad Iriawan buka pintu untuk masukan dan saran. Mochamad Iriawan atau biasa disapa Iwan Bule hadir dalam kegiatan owner meeting Liga 2 di Hotel Sultan, Jakarta baru-baru ini. Dirinya menegaskan, sepakbola Indonesia baru saja dihantam pandemi Covid dan bencana Tragedi Kanjuruhan yang membuat kompetisi Liga 1, Liga 2, dan Liga 3 jadi kesulitan.\r\n<br><br>\r\n\"Kami senantiasa berpikir jernih agar organisasi berjalan sesuai aturan dan sepakbola tidak boleh berhenti, sepakbola tidak boleh mati. Alhamdulillah, sejak 5 Desember 2022, Liga 1 begulir kembali. Itu artinya Allah memberikan berkah terhadap sepakbola karena jika kita amati lebih dalam,\" jelasnya dalam keterangan.\r\n<br><br>\r\nLebih lanjut, Iwan Bule meminta para stakeholder kompetisi sepakbola Indonesia agar terus berkembang dan menjadi lebih baik. PSSI pun akan terus berkordinasi dengan pemerintah dan instansi terkait. \"Kondisi ini tercipta karena PSSI selalu mengedepankan komunikasi dengan pemerintah yakni dengan bapak Presiden Joko Widodo, Menpora, Menkes, Mendagri, BNPB, Satgas Covid-19 Nasional, TNI, Polri, dan tentunya dengan pemerintah daerah,\" terangnya.\r\n<br><br>\r\nTerakhir, Iwan Bule membuka pintu untuk menerima saran dan masukan jelang Kongres Biasa dan Kongres Luar Biasa (KLB) PSSI. Seperti diketahui, hal tersebut akan berlangsung pada 14 Januari 2023 dan 16 Februari 2023. \"Saya mempersilakan sahabat-sahabat saya, kawan-kawan saya, para anggota klub Liga 2 untuk berdiskusi dan bermusyawarah dengan penuh rasa kekeluargaan dan dari hati ke hati untuk memberikan saran dan masukan kepada PSSI,\" tutupnya.\r\n<br><br>\r\n(Sumber : https://sport.detik.com/sepakbola/liga-indonesia/d-6462642/pssi-tampung-saran-dan-masukan-jelang-kongres-biasa-dan-klb)', 20);

-- --------------------------------------------------------

--
-- Struktur dari tabel `tag`
--

CREATE TABLE `tag` (
  `id` int(11) NOT NULL,
  `name_tag` text NOT NULL
) ENGINE=InnoDB DEFAULT CHARSET=utf8mb4;

--
-- Dumping data untuk tabel `tag`
--

INSERT INTO `tag` (`id`, `name_tag`) VALUES
(1, 'gempa'),
(3, 'pemilu'),
(5, 'covid-19'),
(7, 'TXT'),
(8, 'dokter'),
(9, 'gunung semeru'),
(10, 'kolesterol'),
(11, 'kolabs'),
(12, 'spotify'),
(13, 'jackie chan'),
(14, 'kaesang'),
(15, 'piala dunia 22'),
(16, 'demo'),
(17, 'fiba world cup 2023'),
(18, 'macet'),
(19, 'olimpiadeparis2024'),
(20, 'pssi');

--
-- Indexes for dumped tables
--

--
-- Indeks untuk tabel `admins`
--
ALTER TABLE `admins`
  ADD PRIMARY KEY (`id`);

--
-- Indeks untuk tabel `authors`
--
ALTER TABLE `authors`
  ADD PRIMARY KEY (`id`);

--
-- Indeks untuk tabel `categories`
--
ALTER TABLE `categories`
  ADD PRIMARY KEY (`id`);

--
-- Indeks untuk tabel `news`
--
ALTER TABLE `news`
  ADD PRIMARY KEY (`id`),
  ADD KEY `category_id` (`category_id`),
  ADD KEY `author_id` (`author_id`),
  ADD KEY `tag_id` (`tag_id`);

--
-- Indeks untuk tabel `tag`
--
ALTER TABLE `tag`
  ADD PRIMARY KEY (`id`);

--
-- AUTO_INCREMENT untuk tabel yang dibuang
--

--
-- AUTO_INCREMENT untuk tabel `admins`
--
ALTER TABLE `admins`
  MODIFY `id` int(11) NOT NULL AUTO_INCREMENT, AUTO_INCREMENT=2;

--
-- AUTO_INCREMENT untuk tabel `authors`
--
ALTER TABLE `authors`
  MODIFY `id` int(11) NOT NULL AUTO_INCREMENT, AUTO_INCREMENT=32;

--
-- AUTO_INCREMENT untuk tabel `categories`
--
ALTER TABLE `categories`
  MODIFY `id` int(11) NOT NULL AUTO_INCREMENT, AUTO_INCREMENT=15;

--
-- AUTO_INCREMENT untuk tabel `news`
--
ALTER TABLE `news`
  MODIFY `id` int(11) NOT NULL AUTO_INCREMENT, AUTO_INCREMENT=49;

--
-- AUTO_INCREMENT untuk tabel `tag`
--
ALTER TABLE `tag`
  MODIFY `id` int(11) NOT NULL AUTO_INCREMENT, AUTO_INCREMENT=21;

--
-- Ketidakleluasaan untuk tabel pelimpahan (Dumped Tables)
--

--
-- Ketidakleluasaan untuk tabel `news`
--
ALTER TABLE `news`
  ADD CONSTRAINT `news_ibfk_2` FOREIGN KEY (`category_id`) REFERENCES `categories` (`id`),
  ADD CONSTRAINT `news_ibfk_4` FOREIGN KEY (`author_id`) REFERENCES `authors` (`id`),
  ADD CONSTRAINT `news_ibfk_5` FOREIGN KEY (`tag_id`) REFERENCES `tag` (`id`);
COMMIT;

/*!40101 SET CHARACTER_SET_CLIENT=@OLD_CHARACTER_SET_CLIENT */;
/*!40101 SET CHARACTER_SET_RESULTS=@OLD_CHARACTER_SET_RESULTS */;
/*!40101 SET COLLATION_CONNECTION=@OLD_COLLATION_CONNECTION */;
